id;description;sort_order;date_added;date_modified;status
1;mobile Fish;77969;2020-07-05;2020-07-05;DISABLED
2;Practical Fresh Pants;60111;2020-07-05;2020-07-05;AVAILABLE
3;Implementation Electronics Officer;61748;2020-07-05;2020-07-05;AVAILABLE
4;Investment Account Steel;29214;2020-07-04;2020-07-05;AVAILABLE
5;Savings Account syndicate Planner;46676;2020-07-05;2020-07-05;AVAILABLE
6;Factors;96563;2020-07-05;2020-07-05;RESTRICTED
7;Monitored Bahamian Dollar Investment Account;83319;2020-07-05;2020-07-05;DISABLED
8;Costa Rica Mayotte;18485;2020-07-05;2020-07-04;AVAILABLE
9;capacitor archive;57044;2020-07-05;2020-07-05;RESTRICTED
10;scale interactive generating;35675;2020-07-04;2020-07-05;RESTRICTED
