id;title;keywords;description;rating;date_added;date_modified
1;tangible Mississippi;Frozen bus;hard drive Robust Networked;4043;2020-07-05;2020-07-05
2;Small partnerships;Outdoors;Harbor Montana;69551;2020-07-04;2020-07-05
3;Investment Account;override User-centric;Money Market Account;69478;2020-07-05;2020-07-05
4;Auto Loan Account modular Refined;digital maroon;EXE projection Fresh;35629;2020-07-05;2020-07-04
5;contextually-based;synergies copying;ability Hat Iraq;48482;2020-07-05;2020-07-05
6;encompassing;Directives;sky blue;55810;2020-07-05;2020-07-05
7;Tasty Concrete Chips Exclusive;Buckinghamshire capability zero tolerance;mission-critical;97661;2020-07-05;2020-07-05
8;Home;Investor Public-key;Lebanon;44778;2020-07-04;2020-07-05
9;Credit Card Account;navigate;Re-contextualized;80313;2020-07-05;2020-07-05
10;Orchestrator deliver;Licensed hacking installation;Argentine Peso;85835;2020-07-05;2020-07-05
